country,1990,1991,1992,1993,1994,1995,1996,1997,1998,1999,2000,2001,2002,2003,2004,2005,2006,2007,2008,2009,2010,2011,2012,2013,2014,2015,2016,2017,2018
Afghanistan,12.4,12.2,11.6,11.5,11.5,11.1,10.7,10.3,9.95,9.48,8.98,9.99,10.3,10.6,11.3,11.8,12.2,12.5,13.6,14.7,14.7,15.8,16.3,16.8,17.2,17.3,18,18.5,18.6
Angola,8.88,8.76,8.66,8.57,8.5,8.46,8.46,8.5,8.51,8.57,8.67,8.79,8.94,9.1,8.84,8.58,8.32,8,7.75,7.85,7.96,7.94,7.85,7.73,7.57,7.39,7.19,6.98,6.79
Albania,11.6,11.4,11.6,11.8,12,11.7,11.6,11.7,12.2,12.8,13.7,14.5,14.8,15.2,15.8,16.5,16.9,17.8,19.9,20.6,18.6,17.3,16.9,17.8,18.7,19.3,19.4,19.7,20
United Arab Emirates,33.3,33.4,33.5,33.5,33.6,33.6,33.7,33.6,33.4,33.4,33.4,33.4,33.8,34.2,34.5,35.2,35.7,36,35.9,35.5,35.1,34.9,34.7,34.8,35,34.9,34.6,34.6,34.3
Argentina,32.9,32.4,29.7,28.6,27.1,25,25.5,24.9,23.7,22.8,22,20.2,21.8,22.7,23.3,23.7,23.9,24,23.2,23.3,24,23.7,23.9,24.2,23.7,22.9,22.4,21.9,21.8
Armenia,16.9,16.4,16.1,15.9,15.7,15.6,15.4,15.4,15.4,15.6,15.8,16.3,16.8,17.3,17.9,18.5,19,18.2,17.1,17.4,16.7,17.7,17,16.7,15.9,15.8,16.7,23.2,25.2
Australia,23.5,23.3,23.3,23.2,22.6,22.1,21.9,21.5,21.2,21.6,20.7,20.9,20.9,21.2,21.1,21.3,21.2,21.6,21.1,21,20.8,20.7,20.5,20.3,19.4,19.4,19.4,19.9,19
Austria,33.8,33.4,32.8,32.5,32.1,30.3,29.6,29.6,29.8,30,29.4,28.9,28.9,26.7,27.6,28.2,27.3,26.2,25,24.9,26,26.1,25.9,25.8,25.8,25.6,24.9,25.4,25.4
Azerbaijan,13.5,13,12.5,12,11.5,11.3,11.1,10.9,11,10.7,10.7,11.4,11.6,11.8,12,12.3,12.6,12.1,12.6,13.6,14.1,14.3,14.4,14.3,14.1,14.3,14.4,14.7,14.8
Burundi,2.53,2.49,2.45,2.4,2.33,2.26,2.22,2.2,2.23,2.26,2.3,2.35,2.41,2.44,2.54,2.61,2.71,2.8,2.91,3.02,3.13,3.25,3.37,3.5,3.48,3.48,3.47,3.41,3.35
Belgium,31.2,30.6,29.5,28.9,28.3,27.6,27.5,27.2,25.8,25.8,25.5,25.8,24.9,24.9,24.7,24.7,24.4,24.7,23.5,23.4,23.2,21.8,21.7,21.4,21.4,21.3,20.8,21.1,20.8
Benin,20.1,20.1,20,20.4,20.3,20.2,20.2,20.1,20,19.9,19.8,19.7,19.6,19.4,19.4,19.2,19,18.9,18.8,18.7,18.6,18.5,18.4,18.4,18.4,18.3,18.3,18.3,18.3
Burkina Faso,3.16,3.2,3.25,3.33,3.68,4.07,4.55,5.07,5.68,6.34,7.11,8,9.05,10.2,11.5,13,14.7,16.5,18.5,20.8,23.2,25.8,28.6,31.6,29.8,28.2,26.7,25.2,25.2
Bangladesh,13.6,12.7,11.9,11.1,10.4,9.78,9.94,10.2,10.4,10.7,11.2,11.7,12.3,13,13.8,14.5,15.3,16,16.8,17.6,18.1,18.6,19,19.5,20,20.5,20.4,20.8,21.3
Bulgaria,41.1,40.2,39.2,38.4,37.5,37,35.4,35.1,33.8,32.8,32.8,32.7,32.1,32.9,34.2,34.5,35.5,36.4,35.2,33,31.5,31.3,30.2,30.1,29.9,29.8,29.9,30.1,30
Bahrain,28.5,28.4,28.8,28.6,28.5,28.3,28.2,28,28,28.5,28.6,28.7,29.1,30,31,32.2,33.4,34.6,34.5,35.7,35.2,35,35.1,35.2,35.2,35.4,35.5,35.4,35.2
Bahamas,15.3,15.3,12.2,12.9,14.2,14.8,14.6,15.3,16.7,17,17,16.7,15.8,16,17.8,18.2,17.9,16.2,16,16,15.9,15.8,15.4,15.3,14.8,14.7,14.7,14.4,14.3
Bosnia and Herzegovina,27.5,27.4,27.3,27.5,27.8,28.6,29.1,29.6,29.6,29.8,29.7,29.8,29.9,30,30.3,30.8,32.6,32.5,31.5,30.9,28.9,30.4,29.9,30,30.6,31.3,31.7,32.1,31.4
Belarus,36.9,36.5,35.9,35.3,34.7,34.2,33.8,33.4,32.9,32.6,32.1,31.9,31.7,31.7,31.7,31.8,31.8,32,32,32,32,31.8,31.6,31.5,31.1,31.5,30.8,30.6,30.4
Belize,20.1,19.9,20,19.5,17.8,17,18.3,18,17,17.4,17.4,17.5,17.6,17.7,17.9,17.7,17.3,17.1,16.7,16.4,16.2,16,15.8,15.6,15.4,15.7,15.7,15.6,15.6
Bolivia,19.2,19.1,19,19,19,18.9,18.6,18.9,18.9,18.6,15.7,17.7,20.5,20.5,19.4,17.5,19.7,20.1,20.7,20.7,20.9,20.6,19.8,20.6,22.5,20.8,20,19.5,19.4
Brazil,23.4,23,23,23,22.8,22.8,22.9,22.8,22.1,21.8,21.6,22,21.5,21.6,22,21.9,22.5,23.2,22.7,22.6,22.3,23,22.9,22.9,22.2,20.9,20.5,20.1,19.9
Barbados,20.1,19.7,19.1,18.9,19.6,18.6,19.7,20.9,21.4,20.6,19.6,18.7,17.6,17.4,17.1,16.6,17.2,17.6,17.9,18.8,18.5,18.5,19,19.4,19.4,19.3,19.3,19.2,18.9
Brunei,24.2,24.4,24.6,24.5,24.9,24.4,24.2,24.4,23.2,22.5,22.7,22.1,21.6,21.2,20.5,20.2,20.3,19.6,20,19.5,19,18.8,18.8,18.6,17.9,17,16.1,19.5,21
Bhutan,5.85,5.89,5.91,5.96,6.02,6.07,6.12,6.18,6.35,6.62,6.95,7.27,7.38,7.54,7.64,7.55,7.25,6.83,6.67,6.63,9.2,9.91,11,10.8,9.65,9.94,10.2,10.2,10.2
Botswana,25.5,25.6,25.7,25.8,26,25.8,23.8,22.3,21.6,21.2,21.6,22.1,22.6,21.7,20.8,20,19.4,18.8,18.1,18.1,18.1,18,18,18,18,17.9,17.8,17.7,17.6
Central African Republic,9.23,9.12,9.02,8.91,8.83,8.66,8.52,8.42,8.31,8.19,8.07,7.97,7.85,7.77,7.69,7.67,7.64,7.63,7.55,7.42,7.27,7.09,6.96,6.75,6.56,6.46,6.37,6.31,6.26
Canada,23.9,23.2,22.5,22.7,22.9,22.8,23.1,23.1,23.1,23.3,23.1,23.2,23,23,22.7,22.1,21.7,21.5,20.3,20.2,20.3,20.5,20.3,20.2,19.9,19.7,19.5,19.6,19.3
Channel Islands,36.7,36.5,36.4,36.5,36.2,35.8,35.6,35.4,35.2,35.1,34.2,33.2,32.3,31.7,31.3,31.2,31.2,30.3,29,28.6,28.1,27.6,27.3,26.9,26.6,26.1,25.6,25.1,24.5
Switzerland,29.2,28,27.3,27.4,28.4,26.5,25.4,25.1,24.7,25,24.5,23.4,22.4,22.3,22.5,22.6,22.5,22.9,22.1,22.4,22.3,21.6,21.8,21.3,20.8,20.6,20.5,20.5,20.3
Chile,26.3,26.5,27.2,26.1,26.1,26.6,27.3,25.5,23.4,23.4,23.9,23.9,23.4,23.6,22.9,23.3,23.4,23.5,23.1,23,23.4,23.8,23.9,23.5,23.3,23,22.7,22.3,22.2
China,21.4,21.7,22.4,22.7,23,23.5,23.7,23.5,23,22.5,22.3,21.4,21.6,22.5,23.8,25.2,26.8,27.2,27.8,28.7,29.5,30.3,30.1,29.9,29.2,28.8,28.1,28.3,27.4
Cote d'Ivoire,13.4,13.4,13.3,13.2,13.1,13,13.1,12.9,12.8,12.6,12.3,12.1,11.9,11.7,11.6,11.4,11.4,11.3,11.3,11.3,11.3,11.5,11.8,12,12.1,12.3,12.5,12.8,12.9
Cameroon,9.93,9.83,9.71,9.64,9.57,9.52,9.5,9.53,9.59,9.67,9.8,10,10.2,10.5,10.7,10.9,11.2,11.5,11.9,12.3,12.7,13.2,13.6,14.1,14.2,14.3,14.4,14.4,14.4
"Congo, Dem. Rep.",9.48,9.32,9.15,8.98,8.87,8.79,8.57,8.44,8.24,8.08,8.12,8.11,8.09,8.16,8.21,8.28,8.4,8.48,8.59,8.69,8.81,8.96,9.14,9.34,9.51,9.59,9.66,9.74,9.82
"Congo, Rep.",25.7,25.5,25.3,25.2,25,24.8,24.5,24.5,24.2,23.9,23.8,23.8,23.7,23.6,23.4,23.3,23.3,23.2,23.3,23.1,23.1,23,22.9,22.7,22.7,22.5,22.2,21.8,21.5
Colombia,19.7,19.7,19.7,19.7,19.7,19.5,19.4,19.2,18.8,18.6,18.4,18.5,18.6,18.8,18.9,19.2,19.5,19.7,19.8,20,20.7,20.7,19.6,19.8,19.8,19.4,19.4,20,20.2
Comoros,15.6,15.4,15.3,15.1,15,14.8,14.7,14.6,14.4,14.4,14.3,14.3,14.2,14.3,14.7,15.1,15.6,16.1,16.6,17.1,17.6,18.1,18.7,19.2,19.2,19.2,19.2,19.1,19
Cape Verde,17.9,18,18.2,18.4,18.6,19,19.3,19.7,20,20.5,20.9,21.3,21.7,22,22.3,22.6,22.8,23,23.1,23.1,23,22.8,22.7,22.5,22.3,22.1,21.9,21.9,21.8
Costa Rica,26.3,26.2,25.7,26.1,24.1,23.3,23.6,23,23.3,22.4,23.4,22.6,22.3,22.1,21.6,21.8,22.3,21.7,20.1,19.6,19.2,18.2,16.5,17.7,19.2,18.6,18.4,19.7,18.6
Cuba,29.3,29.1,27.8,25.9,23.1,23,23,20.9,19.2,19.2,18.9,18.6,18.3,18.2,18.2,18.2,18,18.1,17.6,17.1,17.1,19.2,17.2,16.9,17.1,17.1,17,17.1,17.1
Cyprus,29.3,28.5,27.1,26.1,25.5,25,24.5,24.4,24.1,23.8,23.7,23.2,22.9,23.4,24,22.6,22.5,23,21.8,20.4,20.9,20.2,17.6,16.5,16.2,17.1,17,16.7,18.5
Czech Republic,44.9,44.1,43.5,42.7,42.3,42,41.6,41.5,40.6,39.9,40.5,40.1,39.9,39.3,39.5,40,40.2,40.5,38.6,38,38.5,38.1,37.5,38,38,38.1,38.1,37.5,37.3
Germany,37.7,37.4,36.7,36.4,36,35.3,34.7,34.4,33.8,33.5,32.8,32.4,31.4,31.3,29.8,29.7,29.9,29.3,28.8,28.3,28.2,28.2,27.8,28.1,27.7,27.4,27.4,27.3,27.2
Djibouti,16.2,16,15.8,15.6,15.3,15.1,14.8,14.6,14.3,14.1,13.9,13.7,13.6,13.4,13.3,13.3,13.2,13.2,13.1,13.1,13.1,13.2,13.2,13.2,13.3,13.4,13.4,13.4,13.4
Denmark,26.9,26.7,26.1,26.5,27.1,26.4,26.2,26.5,26.9,25.3,25.4,23.5,23.1,23.7,23.9,23.3,23.5,23.3,20.6,19.9,20.1,19.8,19.7,19.4,19.5,19.1,19,18.9,18.6
Dominican Republic,26.8,26.7,26.5,26.4,26.2,26,25.5,26.1,25.3,24.6,23.6,21.6,22.2,23.2,22.6,22.4,22.5,21.5,18.2,18.5,18.2,18.6,17.1,17.8,18.4,19,19.4,19.6,18.7
Algeria,25.4,25.3,25,24.8,24.8,24.8,24.7,24.8,24.7,24.9,25,24.8,24.7,25.6,26.8,27.5,28.4,28.9,29.6,30.2,30.9,30.8,31,31,30.9,30.8,30.8,30.7,30.2
Ecuador,23,22.8,22.7,22.6,22.4,22.1,22,21.7,21,20.5,20.2,19.4,18.6,18,17.6,18.6,18.6,18.8,18.8,18.5,17.9,17.5,19.1,20,19.7,18.6,18.6,18.5,17.2
Egypt,21.3,21.5,21.7,21.5,21.9,22.1,22.3,22.3,22.6,21.3,21.3,20.6,19.7,20,21.5,22.1,22.2,22.9,23.8,25.4,23.6,24.9,24.1,24.4,25.1,25.5,26.6,27.5,27.6
Eritrea,8.5,8.59,8.73,8.85,9.01,9.16,9.3,9.35,9.38,9.38,9.3,9.19,8.99,8.8,8.59,8.39,8.23,8.11,7.95,7.86,7.79,7.71,7.63,7.59,7.5,7.44,7.37,7.33,7.3
Western Sahara,18.4,18.3,18.1,18,18.1,18.2,18.3,18.3,18.4,18.6,18.8,19.1,19.5,20,20.4,20.9,21.3,21.6,21.3,21.7,21.9,22.1,22.2,22.5,22.6,22.7,23,23.3,23.5
Spain,32.3,31.8,31,30.3,30.2,29.5,29.9,30.5,30.7,30.8,31.5,31,30.7,30.2,29.6,29.4,29.1,27.8,24.6,23,21.8,20.7,19.8,19.4,19.9,19.6,20.1,20.3,20.4
Estonia,37,36,33.2,32.5,34.2,33.7,33.4,33,31.6,35,33.8,29.8,30.7,34,34.1,33.5,35.1,35.3,31.4,30.3,32.4,31.1,30.3,30.1,30.7,29.7,30,29.6,28.6
Ethiopia,6.79,6.73,6.69,6.64,6.6,6.57,6.54,6.5,6.51,6.6,6.72,6.84,6.99,7.19,7.36,7.42,7.52,7.63,7.76,7.93,8.09,8.24,8.41,8.59,8.77,8.96,9.12,9.22,9.32
Finland,28.8,28.2,27.8,27.7,27.6,27.1,27.4,28.3,27.7,28,27.1,27.1,26.7,26.1,25.8,25.7,25.7,25.1,23.9,23.3,23,22.8,22.8,21.9,21.7,22.2,22.2,22.3,21.6
Fiji,22.3,22.5,22.5,22.5,22.5,22.5,22.4,22.3,22.4,22.1,22,21.8,21.4,21.2,20.9,20,19,18.2,17.3,16.7,16.1,15.5,15.1,14.8,14.6,14.2,14.2,14.2,14.2
France,28.4,28.1,27.5,26.8,26.9,26.5,26.6,26.3,26.3,26.3,26,25.4,24.1,24.2,23.8,23.8,23.3,23.3,22.7,22.3,22.2,21.8,21.3,20.5,20.3,20.2,20.4,20.2,20.4
Gabon,9.43,9.52,9.57,9.59,9.61,9.63,9.64,9.68,9.77,9.81,9.84,9.89,9.91,9.94,9.97,10.1,10.1,10.2,10.2,10.3,10.3,10.4,10.4,10.5,10.5,10.6,10.7,10.7,10.8
United Kingdom,30.4,29.9,29.4,27.8,27.4,27.4,26.9,26.7,25.8,25.2,24.6,23.9,23.3,22.3,22.2,22.1,22.2,22,19.6,19.2,19.2,19.1,18.9,19,18.7,18.5,18.3,18.1,18.1
Georgia,13,12.5,11.9,11.5,11.1,10.8,10.5,10.2,9.45,9.8,9.28,8.22,8.35,8.84,9.29,9.05,10.4,10.3,10.2,10.6,10.9,10.8,10.8,11.1,11,11.9,13.1,14.2,14
Ghana,14,14,14.1,14,14,14,14,14,14,14,14,14,14.1,14.1,14.2,14.2,14.1,13.9,13.9,13.9,14,14,14.1,16.2,18.7,19.1,19.6,20.5,21.1
Guinea,5.68,5.67,5.66,5.65,5.63,5.62,5.61,5.59,5.59,5.54,5.52,5.5,5.55,5.51,5.49,5.47,5.46,5.46,5.44,5.41,5.42,5.45,5.49,5.53,5.59,5.64,5.69,5.74,5.78
Gambia,18,18,17.9,17.8,17.8,17.7,17.6,17.6,17.5,17.4,17.4,17.3,17.2,17.1,17,16.9,16.8,16.6,16.4,16.2,16.1,15.9,15.7,15.6,15.5,15.3,15.2,15.1,15
Guinea-Bissau,11,10.9,10.9,10.9,10.8,10.7,10.7,10.5,10.3,10.1,9.84,9.65,9.51,9.38,9.25,9.16,9.06,9.03,8.97,8.91,8.87,8.85,8.82,8.78,8.72,8.71,8.67,8.64,8.61
Equatorial Guinea,10.4,10.6,10.8,11.2,11.7,12.5,13.2,14.3,15.5,16.9,18.4,20,21.5,22.9,24,24.9,25.9,26.5,26.5,26.4,26.2,25.5,24.7,23.9,22.8,21.8,21.1,20.4,19.3
Greece,25.2,24.8,24.2,23.6,23.2,22.9,22.5,23.2,23,22.6,23.1,22.8,22.5,22.5,22.4,22,22.4,22.2,21.1,19.6,17.7,16.5,15.6,15,14.9,15.2,15.4,15.2,15.3
Guatemala,23.3,23.2,23.2,23.2,23.2,23.1,23.1,23.2,22.9,22.5,22.9,23.3,23.6,20.2,21.4,22.8,22.9,22.7,22.2,22,20.7,19.5,18.2,19.5,18.9,21,19,18.7,18.7
Guam,12.2,12.2,12.2,12.3,12.3,12.4,12.4,12.5,12.5,12.6,12.8,13,13.2,13.4,13.6,13.8,14.1,14.3,14.6,14.8,14.9,15,15,15.1,15.2,15.2,15.3,15.4,15.5
Guyana,21,21.2,21.4,21.7,22.1,22.5,23,23.3,24,24.4,24.9,25.4,25.2,25.2,24.8,24.7,25,24.9,24.9,25,25.1,25.1,25.2,25.3,25.2,25.2,25,24.9,25
"Hong Kong, China",34.9,33,29.8,27.9,27,25.6,24.2,22.6,21.1,20.3,19.4,18.3,17.1,15.6,15.1,14.7,14.1,13.5,13.1,12.8,12.6,12.4,12.2,12,11.9,11.8,11.6,11.3,11.1
Honduras,21.2,20.1,22.2,24,24.2,22.3,22,23,22,22.3,22.2,21.8,21.4,22.4,23.5,22.1,22.3,22,20.8,19.1,19.8,19.9,19,22,21.8,21.6,20.7,20.2,21.4
Croatia,30,29.1,28.8,29,29,29.2,29.5,29.5,29.1,29.2,29.7,29.8,30.3,29.6,28.6,29.3,30.6,30.9,29,27.5,28,27.9,27.6,27,26.7,27,26.4,27.4,27.7
Haiti,7.46,7.18,7.04,6.73,6.96,7.74,7.73,8.09,7.86,7.56,7.36,7.2,7.12,6.85,6.83,7.07,7.23,7.11,6.98,6.31,6.69,6.84,6.93,7.02,7.12,6.87,6.65,6.63,6.6
Hungary,35.6,35.1,34.1,33.4,33.1,33.2,33.2,34.8,34.4,33.8,34.4,34.1,33.4,32.9,32.5,32.3,32.5,32.2,31.2,30.7,30.8,29.8,29.9,30.5,30.3,30.4,31.5,32.4,32.2
Indonesia,15.1,15.3,16.4,19.7,18.4,18.8,18.8,17.8,17.6,17.4,18.7,18.8,17.7,18,18.8,18.6,18.8,18.4,18.3,18.7,20,21.1,21,21.4,22,21.7,22,22.3,22.3
India,15.2,15.2,15.3,15.4,15.6,15.8,15.8,15.9,16.2,16.3,16.6,16.9,17.5,18.3,18.8,19.4,20.1,20.4,21.1,21.8,23.1,24.4,24.4,24.4,24.5,24.7,24.9,24.9,25.1
Ireland,27.5,27.3,27.1,27.8,27.8,27.3,28.6,28.7,28.3,28.5,28.9,27.6,27.7,27.6,27.6,27.8,25.8,23.3,19.9,18.1,17.5,17,17.2,17.3,18.1,18.5,18.8,18.8,18.8
Iran,31.6,31.6,31.1,30.8,30.7,31.3,30.7,30.1,30,30,30,30.3,30.6,30.5,30.4,31.7,32.1,32.3,31.8,32.2,33,33.2,33.3,33.8,32.5,31.9,32,32,31.4
Iraq,18.2,18.3,18.3,18.2,18.2,18.6,19.1,19.7,20.8,20.7,20.5,19.6,19.8,19,19.7,20.6,20.4,21.1,20.8,21.6,22,23.1,23.4,23.4,22.7,23.6,23.2,22.8,22.9
Iceland,26,24.7,25.2,25.9,24.9,23.5,24.7,26.6,23.1,22.1,22.9,22.5,21.7,23.4,21.7,21.5,20.9,22,19.5,18.4,18.6,18.2,18.6,18.4,17.8,17.5,17.5,16.8,17.5
Israel,25.8,25.5,25.5,25.6,25.1,24.6,24,23.4,22.8,22.4,21.7,21.1,20.6,20.2,19.8,19.5,19.2,18.8,18.3,18.1,17.8,17.5,17.7,17.7,17.6,17.5,17.4,17.3,17.2
Italy,35,34.6,34.1,33.8,33.7,33.3,32.6,32.7,32.4,31.8,31.7,31.6,31.8,30.8,30.7,30.1,30.1,29.8,29.2,28.6,28.3,27.6,27,26.9,26.6,26.1,26,26.1,25.8
Jamaica,19.2,19.1,19.2,19,20.2,20.3,18.7,18.3,18,17,17.1,17.3,17.5,18.3,17.8,17.8,17,16.8,16.4,16.2,16.1,15.5,15.2,14.9,14.9,15.7,15.7,16.1,16.2
Jordan,21.3,21.6,21.5,21.5,21.4,21.2,21.1,21,20.9,20.9,21,21.1,23.2,25.8,26.1,26.2,26.4,26.4,26.6,26.3,25.9,25.6,25.4,25.1,24.9,24.6,24.4,24.2,24.4
Japan,34.6,34.8,34.4,34.2,33.7,33.4,33.3,32.2,31.9,31.4,30.7,29.9,29.2,28.4,28,27.7,27.5,27.2,26.2,25.6,25.3,25.3,25.3,25.1,25,24.7,24.6,24.4,24.2
Kazakhstan,18.1,17.8,17.5,17.2,16.8,16.6,16.4,16.2,16.2,16.2,16.3,16.3,17,17.4,18,18.4,18.9,18.9,18.6,18.7,19,19.4,19.8,20.2,20.6,20.6,20.7,20.8,21
Kenya,16.6,16.5,16.2,16,15.6,15.2,14.6,14,13.1,11.6,10.2,9.05,8.1,7.34,6.7,6.46,6.29,6.13,6.04,6.01,6.01,6.01,6.03,6.06,6.09,6.13,6.16,6.19,6.2
Kyrgyz Republic,26.6,22.5,21.3,19.3,16.7,14.6,13.5,13,11.5,10.5,10.3,12,15,17.6,17.6,19.4,20.3,20.6,20.9,21.1,21.4,21.7,20.2,20.4,20.9,22.1,23.1,24.6,25.4
Cambodia,6.02,6.18,6.28,5.77,6.09,6.34,6.61,6.88,7.61,8.54,11,11.5,11.9,12.5,13.3,14,14.7,15.1,15.6,16,16.5,17.8,19.3,23.8,24.9,25.8,25.5,27,27.9
South Korea,36.8,35.8,34,33.6,33.4,32.6,31.4,28,27.5,28.1,27.5,27.3,27.6,27.1,26.7,26.1,25.8,25.3,24.5,25,24.9,24.6,27.6,25,25.3,25.2,25.2,25.2,24.5
Kuwait,19.6,20.8,22.7,23,23.1,23.2,22.8,21.9,21.7,22,21.1,20.5,20.7,20.8,20.7,22,23.3,25.1,23.9,23.7,23.9,24,23.8,23.5,22.6,22.4,22,22.1,22.1
Lao,2.8,2.91,3.08,3.31,3.52,3.83,3.86,4.14,4.39,4.56,4.84,5.13,5.4,5.68,6.05,6.29,6.93,7.3,7.9,8.32,8.86,9.56,10.2,10.4,11,11.3,11.9,12.6,12.9
Lebanon,24.3,24.8,25.2,25.3,25.4,25.3,24.9,25,24.7,24.4,24.4,24.3,24.2,24.6,24.5,24.4,25,25.6,26.2,26.3,26.1,26,26.1,25.8,25.3,25.1,24.7,24.2,23.6
Liberia,12.2,11.6,11,10.5,10.1,9.81,9.95,10.2,10.4,10.6,10.9,11,10.9,10.9,10.8,10.8,10.8,10.8,10.8,10.8,10.8,10.8,10.8,10.8,10.6,10.5,10.4,10.3,10.1
Libya,27.7,27.5,27.5,27.4,26.9,26.9,26.7,26.4,26.8,27,26.7,26.7,27.5,27.6,28.4,28.8,29.1,29.6,29.6,29.5,27.7,26.8,25.3,23.9,22.9,22.5,23.7,24.4,24.5
St. Lucia,22.8,22.7,22.5,21.5,25.6,22.6,20.3,18.8,19.2,20.6,18.9,17.5,16.6,16.8,19.5,19.7,18.6,18.7,18.3,17.8,17.7,17.4,16.8,16.5,16.3,16.2,16,14.5,14.2
Sri Lanka,26.6,20,21.1,20.1,24.8,23.3,24.3,23.1,23.3,23.6,23.4,23.4,23.7,24,24.4,24.9,25.2,25.6,25.8,25.5,25.8,26.1,26,26.3,25.8,26.4,28.4,28,27.9
Lesotho,13,13,13,13,13,13,13,13,13,13.1,13.3,13.5,13.4,13.5,13.5,13.6,13.6,13.7,13.6,13.5,13.6,13.6,13.6,13.6,13.7,13.7,13.5,13.4,13.3
Lithuania,30.5,29.4,28.8,28.3,28.2,28.1,28.5,29.1,27.1,26.8,26.6,27.4,27.2,28.2,29.1,29.6,30.5,30.5,26.8,24.6,24.6,25.1,25.5,24.7,25.1,25.1,25.1,25.8,25.6
Luxembourg,27.1,26.6,26.4,27,25.3,22.9,23.3,21.6,22,20.8,21.4,20.1,19.3,18.9,17.3,16.7,16.9,15.3,12.9,13.3,13.4,12.7,12,11,12.5,12,10.8,11.8,10.9
Latvia,30.7,29.2,28.2,28.2,27.6,27.2,25.8,27.1,25.8,26.8,26.3,25.5,27.1,26.9,26.5,27.4,28.6,29.4,24.3,23.1,22.9,23.5,23.9,23.8,23.6,24.1,23.3,23.7,23.7
"Macao, China",38,37.4,36.6,35.8,34.9,33.8,33,32,30.5,28,30.5,28.4,26.9,25.1,24.9,23,18,19.7,15.7,13.7,12.9,12.8,12.6,15.7,15.8,13.7,10.6,9.98,9.69
Morocco,20.1,19.9,19.6,19.9,19.4,20,19.7,20,19.8,19.7,20.1,20.1,20.2,19.5,19.5,20.3,20.6,21,21.2,21.5,21.9,21.4,21.7,21.9,22.3,22.3,22.7,22.9,23.1
Moldova,24.6,26.5,20.7,19.1,17,15.1,14.8,14.7,13.7,14,14,14.5,16.1,16.3,16,18.2,18.7,19.7,19.3,18.7,18.7,19.3,17.7,17.9,17.8,17.1,16.6,19.6,21.9
Madagascar,10.2,10.1,10,9.91,9.77,9.59,9.36,9.11,8.83,8.31,7.58,7.1,6.71,4.73,3.42,3.81,4.26,4.79,5.33,5.99,6.76,7.69,7.97,8.18,8.34,8.53,8.59,8.68,8.73
Maldives,27.2,27.2,27.1,27.1,27,26.9,26.9,26.8,26.6,26,24.9,24.3,23.9,22.3,20.2,19.3,18.1,17.4,16.3,16.6,17.1,17.3,17.5,17.9,18.4,18.8,18.9,19.1,19.1
Mexico,25.5,25.4,25.2,25.1,24.8,24.9,24.9,24.9,26,27.1,26.1,26,25.9,26.1,26.1,26.2,26.2,25.6,24.3,24.4,24.3,24.1,24.3,24.8,25.2,25.8,26,26.1,25.5
North Macedonia,36.8,36.6,36.1,35.8,35.7,35.4,35.1,34.9,34.8,34.7,33.7,33.3,33.9,33.5,32.9,32.6,31.3,31.1,30.5,30.3,30,29.9,30.4,30.4,30.5,30.3,30.6,31.4,31
Mali,7.98,7.95,7.93,7.9,7.89,7.88,7.9,7.92,7.94,8.01,8.1,8.13,8.17,8.17,8.18,8.29,8.23,8.2,8.24,8.19,8.14,8.05,7.97,8,8.26,6.75,8.27,7.72,7.62
Malta,35.3,35.1,34.9,34.7,34.5,34.2,33.8,33.5,33.1,32.7,30.9,31.5,29.9,29.4,29.9,28.3,26.3,25.6,25,25.5,24.5,22.2,21.6,20.7,20,19.9,19.8,18.6,18.7
Myanmar,8.35,8.97,9.6,9.78,10.5,11.1,11.7,12,12.3,12.9,13.2,13.8,14.5,15,15.3,15.7,15.9,16.2,16.3,16.5,16.5,16.5,16.5,16.7,16.8,16.4,15.9,17.3,16.9
Montenegro,25.3,24.9,24.3,24.4,24.7,25.2,25.4,25.5,24.9,24.8,24.5,24,23.4,21.2,19.2,18.3,17.5,18.2,18.1,18.7,19.5,17.9,17.8,17.6,17.5,17.5,17.1,18.9,19.3
Mongolia,19.4,17.9,17,16.7,17.9,17.5,16.7,15.8,15.5,14.1,13.7,14.3,11.9,16.1,16.8,17.3,13.7,15.2,14.9,16.2,17.3,18.2,20.4,20.7,20.3,19,19.2,20.8,21.7
Mozambique,2.5,2.5,2.52,2.54,2.56,2.62,2.68,2.76,2.85,2.95,3.1,3.23,3.39,3.61,3.84,4.11,4.38,4.68,5,5.36,5.76,6.18,6.65,7.15,7.75,8.03,8.25,8.46,8.59
Mauritania,19.8,19.7,19.6,19.4,19.3,19.1,18.9,18.7,18.5,18.2,18.1,18,17.9,18,18,17.9,17.9,17.9,18,17.9,17.9,17.9,17.9,17.9,17.8,17.8,17.8,17.7,17.6
Mauritius,40.3,40,39.6,39.2,39.8,38.2,37.7,38.3,38.5,39.2,36.6,36.6,34.1,33.6,32.4,32.1,31.9,31.8,29.7,28.7,28.1,28,27.4,26.8,26.1,25.4,24.7,24.1,23.7
Malawi,6.76,6.75,6.66,6.66,6.61,6.56,6.51,6.47,6.39,6.29,6.16,6.06,6.02,5.92,5.85,5.87,5.89,5.83,5.8,5.78,5.78,5.74,5.71,5.67,5.62,5.56,5.5,5.43,5.36
Malaysia,31.3,31.6,32,32.1,32.3,32.2,33.7,31.8,31.7,32.2,33.1,32,32,30.1,29.7,30.3,28.5,28.7,27,27.6,28.4,27.6,27.9,27.7,27.5,27.5,27.7,27.1,27
Namibia,15,14.9,14.8,14.6,14.5,14.4,14.3,13.6,12.9,12.3,12.8,13.4,14.1,14.8,14.7,14.6,14.5,14.3,14.2,14,13.9,13.9,14.4,14.8,17,19.3,17.7,16.2,16.4
New Caledonia,23.2,23.2,23.3,23.4,23.5,23.4,24.1,24.2,23.8,23.4,23.1,22.7,22.2,21.6,21.3,21.4,22,22.4,22.2,22.1,22.6,22.8,22.9,22.6,22.7,22.8,22.7,22.8,22.9
Niger,9.38,9.3,9.21,9.1,9.01,8.9,8.78,8.66,8.54,8.38,8.24,8.09,7.96,7.84,7.71,7.6,7.5,7.4,7.33,7.25,7.18,7.16,7.12,7.06,6.98,6.91,6.85,6.78,6.72
Nigeria,13.4,13.3,13.3,13.2,13.1,13,12.9,12.7,12.6,12.4,12.3,12.1,12,11.8,11.4,11.1,10.9,10.6,10.4,10.2,10.1,11,11.8,11.9,11.9,12,12,12,12
Nicaragua,17.7,17.5,17.3,17.4,17.5,17.7,17.7,17.7,18,18,18.1,18,18,18.4,19.7,19.3,20.3,19.6,18.6,18.3,18.2,18.1,17.9,17.7,17.7,17.7,17.7,16.9,16.2
Netherlands,25.1,24.7,24.1,23.3,23.4,23.2,22.9,22.8,22.3,21.6,21.6,21,19.9,20.1,21,20.6,19.8,19.1,18.5,17.7,17.2,17.2,16.5,16.2,16.4,16.5,16.5,16.2,16.1
Norway,23.6,23.5,23.3,23.3,23.1,23,23.5,22.8,22.3,21.8,21.7,21.7,21.7,20.8,20.9,20.8,21.2,21.1,20.2,19.7,20.2,20.2,20.3,20.4,20.1,19.5,19.4,19.5,19.4
Nepal,2.76,3.21,3.74,4.45,5.2,6.12,7.2,8.38,9.84,10.5,11,11.2,11.5,11.8,12,12.1,12.2,12.6,12.7,13,13.2,13.4,13.7,14,14.1,14,14.5,14.8,15.1
New Zealand,25.5,25.3,25.2,25.3,24.9,24.4,24,24.2,23.1,23.3,22.9,22.7,22.6,22.9,22.4,22.7,22.2,21.9,20.9,20.6,20.1,19.8,19.8,20.5,21.6,20.1,20.4,19.8,19.2
Oman,7.4,7.5,7.58,7.55,7.62,7.68,8.48,9.19,10,11.2,12.4,13.7,15.1,16.8,18.8,21.2,23.6,26.2,30.8,36.9,36,35.7,34.8,34,33.2,32.5,31.8,31.6,31.2
Pakistan,21.6,21.7,21.5,21.5,21.5,21.4,21.2,21.1,21,20.9,20.8,20.7,20.8,20.6,20.3,20.7,21,20.1,21,21.4,21.8,22.3,22.9,22.9,24,23.6,24.3,25,25
Panama,14.4,17,17.6,18.4,18.1,18.4,18.4,18.1,18.2,17.4,17.3,17,17.2,17.6,17.2,18.1,19.3,19.1,19.2,18.7,18.7,18.2,20.1,20.1,18.7,18.4,18.5,18.8,17.6
Peru,15.3,15.1,15.1,15.3,15.4,15.3,15.3,15.1,14.7,14.5,14.4,14.4,13.3,14.4,14.1,14.9,16.3,16.4,16.4,16.9,16.5,17,17,16.4,16.6,16.2,15.7,15.4,15.2
Philippines,14.4,14.7,14.2,14.5,14.8,14.8,15.8,15.8,15.4,15.9,15.7,15.6,15.6,15.6,15.5,15.5,15.7,15.6,15.5,15.7,15.3,15.3,15.6,15.9,16.2,17.3,18.3,19.1,19
Papua New Guinea,3.01,3.1,3.2,3.27,3.21,3.5,3.48,3.45,3.5,3.69,3.91,4.18,4.38,4.63,4.87,5.28,5.72,5.92,6.62,7.89,8.21,9,9.89,10.3,11.1,11.4,11.9,12.5,13.2
Poland,36.2,34.8,34.1,33.5,33.1,32.8,32.5,32.1,31.6,31.1,30.7,28.5,28.5,29,29.2,30,30.7,31.9,31.1,30.3,30.7,30.4,30.5,30.5,30.5,31.4,31.7,31.8,32.2
Puerto Rico,24,24,23.9,23.2,22.8,21.7,21.6,21.9,22.2,22.3,21.7,20,19.6,19.4,19,19.5,19.2,18.1,17.7,17.4,17.2,16.9,16.7,16.5,16.2,16,15.7,15.3,15.1
North Korea,26.6,25.5,24.5,23.6,22.4,21.3,19.7,18.9,19.3,18.7,18.7,18.2,17.9,17.6,17.7,17,16.2,16.3,15.7,15.2,14.9,14.7,14.5,14.3,13.8,14,13.2,12.4,12.7
Portugal,34,33.6,32.9,32.5,32.2,31.3,31,35.2,34.3,34.4,33.5,33.3,32.7,31.1,30.4,30.3,30.2,29,27.8,27.3,26.9,25.1,23.7,23.9,24.3,24.5,24.7,24.8,24.7
Paraguay,17.7,17.6,17.6,17.6,17.6,17.5,17.4,17.1,16.8,16.5,16,15.6,16,16.6,15.8,16.9,18.2,19.1,17.7,19.2,17.8,16.9,17.5,19.1,19.7,19.4,20.1,18.6,18.1
Palestine,33,33.9,34.5,35.9,35.9,35.1,35.8,36.9,38.1,34.1,28.3,23.7,25.6,24.4,26.1,23.7,23.8,23.1,23.5,24.7,25.9,26.7,28.1,28,28.7,30.2,30.9,31.3,30.3
French Polynesia,15.5,15.5,15.5,15.5,15.5,15.5,16,16.4,16.8,17.1,17.5,17.9,17.9,17.7,17.6,17.4,17.3,17.3,17.1,16.8,16.5,16.4,16.3,16.4,16.4,16.5,16.5,16.6,16.7
Qatar,30.9,31.3,31,31.5,31.8,32,33.3,34.1,35.4,37,38.4,39.1,39.9,41,41.1,41.6,51.9,59.6,58.4,56.3,54.1,51.8,51.7,53,54.1,54.6,54.5,54.3,53.7
Romania,39.9,37.1,35.8,32.8,31,31.5,30.3,28.8,27.1,25.8,25.8,29.6,29.1,31.1,30.5,30.7,31.4,31.6,30,28.3,28.6,28.2,28.3,28.9,28.5,29.9,30.1,30,30.1
Russia,40,38.9,38.2,36,34.1,32.6,30,29.1,29,29.2,30.2,30.2,30.2,29.7,29.3,28.9,29.2,28.7,27.5,27.8,27.5,27.8,27.8,27.6,27.3,27,27,26.8,26.8
Rwanda,2.58,2.56,2.54,2.52,2.47,2.47,2.47,2.48,2.5,2.55,2.64,2.77,3.02,3.3,3.63,3.99,4.37,4.81,5.26,5.76,6.28,6.86,7.32,7.91,8.12,8.24,8.33,8.48,8.62
Saudi Arabia,25.6,25.9,25.5,24.9,24.1,23.3,22.3,21.6,21,19.9,21,20.9,20.9,20.8,20.5,20.2,20.8,19.8,20.4,21.3,22.3,23,23.8,23,22.7,24.5,24.7,24.8,24.8
Sudan,10.8,10.9,10.9,10.8,10.9,11,11.2,11.3,11.2,11.3,11.5,11.7,11.9,11.9,12.3,12.8,13.4,13.9,14.2,14.2,15.3,16.1,16.4,16.6,17.1,17.4,17.7,17.2,16.8
Senegal,13.1,13,12.9,12.9,12.8,12.7,12.6,12.5,12.4,12.3,12.4,12.4,12.5,12.5,12.6,12.6,12.7,12.7,12.7,12.7,12.8,12.8,12.9,13,13,13,13,13.1,13.1
Singapore,35.2,34.6,33.9,32.8,31,30.3,30.8,30.1,29.5,28,26.6,26,25.9,24.9,22.7,23.3,23.6,23.7,23.2,21.9,20.9,20.5,19.9,17.7,17.4,16.9,16.4,16,15.6
Solomon Islands,4.8,4.93,5.01,5.21,5.43,5.58,5.54,5.64,5.74,5.43,5.34,5.22,5.45,5.63,6.1,6.54,7,7.6,7.58,8.07,8.43,8.77,9.33,9.77,10.2,10.6,11,11.6,12.1
Sierra Leone,6.38,6.26,6.23,6.18,6.07,6.05,5.96,5.95,5.91,6,5.9,6.2,6.36,6.51,6.22,5.98,5.82,5.69,5.58,5.55,5.58,5.7,5.86,6.07,6.2,6.39,6.55,6.68,6.74
El Salvador,24.6,24.8,24.9,25,25.1,24.8,24.6,24.6,25,24.2,23.6,24.3,24.6,23.7,22.2,23,23.4,23.5,20.7,21.3,21.3,21,20.4,20.9,22.2,21.1,21.9,22.2,22.5
Somalia,3.55,3.48,3.42,3.34,3.27,3.2,3.13,3.07,3.01,2.96,2.91,2.86,2.83,2.81,2.78,2.76,2.64,2.64,2.64,2.64,2.64,2.61,2.57,2.55,2.52,2.49,2.46,2.43,2.41
Serbia,27.8,27.2,26.5,26.3,26.9,27,27,26.9,26.1,26.5,26.6,26.8,26.9,26.9,27.6,29.3,29.5,26.2,25.3,25.6,26.8,26.5,25.9,24.7,24.5,24.4,25.3,26.9,27.4
South Sudan,14.2,14.3,14.5,14.5,14.7,14.9,15.2,15.2,15.2,15.4,15.6,15.9,16.2,16.3,16.6,17.1,17.6,18,17.7,17.7,17.9,17.7,18.9,18.7,17.3,16.5,16.1,16.3,16.4
Sao Tome and Principe,19.5,19.4,19.3,19.2,19.1,19,18.9,18.8,18.8,18.8,18.8,18.8,18.9,19,17.2,17.3,17.5,17.7,17.9,18.1,18.1,18.2,18.2,18.2,18.2,18.2,18.1,18,17.9
Suriname,19.3,19.2,19.4,19.7,22.2,24.7,23.2,26,25.2,24.8,24.7,24.4,24.3,24.1,24.1,24.3,24.4,24.6,24.5,24.7,25,24.9,25.1,25.1,25,24.4,24.3,24.4,24.3
Slovak Republic,42,40.2,39.6,39.7,38.9,39.5,39.3,39.4,38.4,37.3,37.1,38.2,38.1,39.2,38.8,38.8,39.4,40.1,37.9,37.1,37.5,37.5,35.8,35.4,36.1,36.5,37.2,36.5,36.1
Slovenia,45.8,44.9,44.2,42.4,43.1,42,40.5,39.5,37.8,37.7,38.6,38.8,37.1,36.3,37.1,35.5,35.2,35.1,33.2,32.6,31.7,31,31,30.9,32,33.2,33.3,33.3,34.1
Sweden,26.6,26.2,25.6,25.5,25.5,25.9,25.5,25.9,25,24.4,23.7,23,22.6,22.4,22,21.9,21.6,21.3,20.2,19.9,19.9,19.6,19.2,18.6,18.3,18.2,18.2,18.2,18.4
Eswatini,29.1,29,29.1,29,29,28.9,28.8,28.5,28.2,28.1,27.8,27.6,27.3,27.1,26.9,26.7,26.6,26.4,26.3,26,25.8,25.6,25.3,25.1,24.9,24.5,24.1,23.7,23.4
Syria,25.2,25.9,26.7,28.6,30.5,30,29.1,28.9,28.3,26.1,25.7,25.9,25.6,26.1,27.2,28.3,29.1,30,30.7,31.3,31.4,28.2,25,23.3,22.8,22.6,22.4,22.8,23.2
Chad,2.16,2.12,2.06,2.02,1.98,1.94,1.92,1.89,1.87,1.86,1.89,1.92,1.95,1.99,2.03,2.07,2.09,2.11,2.13,2.14,2.13,2.14,2.11,2.08,2.06,2.01,1.97,1.91,1.87
Togo,15,14.9,14.8,14.7,14.6,14.6,14.5,14.3,14.2,14.2,14,13.9,13.7,13.5,13.2,13,12.9,12.7,12.7,12.7,12.6,12.6,12.7,12.7,14.7,16.9,19.4,19.3,19.2
Thailand,15.4,15.8,17.5,18,19.8,20.8,19.7,17.7,18.4,19,18.8,19.9,21.1,22.2,22.4,22,21.9,21.2,20.8,20.6,19.4,19.8,20.2,23.5,23.7,23.7,22.8,22.8,22.8
Tajikistan,23.9,22.7,21.6,20.4,19.2,18.1,17.4,16.9,16.6,16.5,16.7,17.1,17.6,17.9,17.3,16.8,16.4,16,15.7,15.6,15.5,15.5,15.5,15.5,15.5,15.5,15.4,15.5,15.9
Turkmenistan,39.2,38.7,38.3,37.7,37.1,36.7,36,35.6,35.2,34.8,34.4,34.1,33.9,33.7,33.8,33.9,34.2,34.6,34.9,35.2,35.7,36.3,36.8,37.3,37.7,38.3,38.8,39.3,39.9
Timor-Leste,7.76,8,8.29,8.56,8.84,9.05,8.86,7.42,7.01,8.72,9.26,10,6.89,5.84,6.01,6.23,7.33,8.37,9.44,9.31,9.57,9.88,10.9,11.6,13.4,15.4,13.4,14.3,16.3
Tonga,28,28,27.9,29,29.4,29.5,29.3,29.4,29.7,30.2,30.7,30.8,30.7,30.4,30.7,31,30.6,31,31.5,31.8,32.1,31.8,30.1,30.1,30.2,30.6,31,31,31.4
Trinidad and Tobago,28.8,27,26.4,25.4,25.5,25.5,26.4,28.2,27.7,28.1,28.9,28.5,28.6,30.3,31.1,30.8,31.8,32.3,30.5,29.7,28.6,28.5,28.7,28.1,27.9,27.4,27.1,26.9,26.7
Tunisia,30.6,30.9,30.8,30.8,30.7,30.9,31,31.2,31.5,31.7,31.9,31.6,31.9,32.4,32.4,32.3,32.9,33.5,32.3,33.4,33.7,33.1,33.4,33.6,33.1,33.3,33.3,33.5,33.4
Turkey,29.7,29.6,29.5,29.1,29,28.9,29,28.5,27.7,27.6,26.5,26.3,26.2,26.5,26.6,26.8,26.7,26.2,25.3,26.2,26.5,26,26.4,27.9,27.2,26.8,26.5,26.7,25.3
Taiwan,41.2,41.1,40.8,40.6,40.3,40,39.7,39.3,39,38.7,37.8,37.1,36.9,37.3,37.7,37.9,38,38.1,37.2,37.3,37.7,37.6,37.5,37.4,37.3,37.1,37,36.9,36.7
Tanzania,2.65,2.64,2.63,2.62,2.62,2.63,2.64,2.68,2.74,2.83,2.96,3.32,3.76,4.26,4.84,5.49,5.56,5.64,5.72,5.81,5.92,6.02,6.13,6.25,6.29,6.34,6.38,6.43,6.46
Uganda,7.87,7.86,7.86,7.86,7.87,7.89,7.89,7.88,7.88,7.85,7.84,7.82,7.8,7.77,7.75,7.76,7.78,7.82,7.8,7.87,7.94,8.02,7,6.84,6.8,6.72,6.59,6.54,6.5
Ukraine,29.3,28.7,28.1,27.4,26.7,26.1,25.5,25,24.7,24.5,24.5,24.5,24.7,25,25.2,25.4,25.6,25.7,25.5,25.7,25.6,25.9,24.8,26.1,24.7,24.2,24.3,24.6,24.9
Uruguay,24.2,24.2,24.1,24.1,23.7,23.6,23.7,23.7,23.3,22.7,22,21.1,20.8,20.9,21.1,21.2,21.7,21.6,21,21.4,20.8,21.1,21.6,21,20.5,20.1,19.7,19.2,18.8
United States,26,25.8,25.7,25.6,25.5,25.3,25.1,24.9,24.7,24.4,23.7,22.8,22.5,22.4,22.3,22.3,22.1,21.5,20,19.6,19.7,19.7,20,20,19.9,19.8,19.7,19.9,19.9
Uzbekistan,25.7,24.8,24.6,24.2,23.8,22.7,22.3,21.7,21.8,21.4,21.2,21,21,21.1,21.2,21.5,21.8,22.1,22.5,22.7,22.8,22.7,22.8,22.8,23,23.2,23.1,22.8,23.1
St. Vincent and the Grenadines,21.2,21.3,21.4,21.2,21.2,20.9,21.1,21.3,21,20.6,20.5,20.4,20.7,20.7,20.6,21,21.2,20.9,20.6,20.3,20.1,20,20,19.8,19.8,19.7,19.7,19.7,19.6
Venezuela,26,26.6,26.3,23.6,23.5,22.4,23.9,24.5,22.7,22.8,22.1,20.7,19.8,20.3,20.6,22.2,23.1,22.9,22.4,21.6,21.5,21.6,21.3,20.7,19.9,18.8,17.8,16.7,15.6
Virgin Islands (U.S.),26.3,26.2,26.1,26,25.9,25.7,25.6,25.4,25.2,25,24.7,24.4,24.1,24,23.9,23.9,23.8,23.6,22.9,22.7,22,21.1,20.5,20.3,20.2,20,19.7,19.5,19.3
Vietnam,10.1,10.6,11.1,11.5,11.8,12.3,12.7,11.6,12,12.4,13.9,14.7,16.4,17.4,18.7,20.2,20.4,21,21.8,21.7,21.3,21.2,21.2,21.5,22.7,24.8,25.8,26.6,27.4
Vanuatu,0.283,0.291,0.298,0.31,0.316,0.335,0.322,0.335,0.356,0.394,0.409,0.416,0.474,0.542,0.643,0.794,1.33,2.76,7.03,6.86,6.92,7.39,8.5,9,10.9,11.9,12.7,13.4,14.1
Samoa,17.7,17.9,18.1,17.8,18.2,18.4,18.3,18.8,19,19.5,20,20.4,21.1,21.8,22.3,22.9,23.2,23.4,22.9,23.4,23.9,23.8,23.8,24,24.6,24.7,24.5,24.6,24.9
Yemen,11.8,11.7,11.2,11,11.8,12.3,12.7,13.4,13.8,14.4,14.7,15.1,15.7,16.3,16.8,16.9,17.1,17.8,18.4,19,16.3,15.7,15.5,14.5,12.4,11.3,10.4,10.2,10.2
South Africa,28.6,28.4,28.3,28.1,28,27.8,27.6,27.5,27.3,27.3,27,26.8,26.6,26.4,26.3,26,25.9,25.8,25.2,24.4,24.2,23.4,23.5,23.4,23.8,23.3,23.3,23.1,22.3
Zambia,7.86,7.77,7.61,7.29,7.21,7.18,7.11,7.05,6.97,6.9,6.9,6.95,7.03,7.11,7.14,7.24,7.37,7.54,8.1,8.7,9.36,10.1,10.3,10.5,10.6,10.7,10.7,10.6,10.5
Zimbabwe,12.6,12.6,12.5,12.4,12.4,12.3,12.2,12,11.8,11.6,11.3,10.9,10.5,10.2,9.65,9.85,9.21,9.07,9.18,9.24,9.09,8.59,7.92,7.36,7.21,7.05,6.9,6.76,6.58
